pairs,hypotheses,alpha,power,mdes_sd_of_paired_differences
8,1,0.05,0.8,1.1560346779947337
8,6,0.05,0.8,1.6495360404490194
8,24,0.05,0.8,2.092758125632909
8,84,0.05,0.8,2.559688140503013
8,288,0.05,0.8,3.097083494515821
16,1,0.05,0.8,0.7494656445134373
16,6,0.05,0.8,0.9863312015901184
16,24,0.05,0.8,1.1659337238365228
16,84,0.05,0.8,1.3312061235221455
16,288,0.05,0.8,1.499432489071884
32,1,0.05,0.8,0.5112738234564048
32,6,0.05,0.8,0.6521142084222841
32,24,0.05,0.8,0.7506883005279463
32,84,0.05,0.8,0.8356270325359884
32,288,0.05,0.8,0.9169588846317875
64,1,0.05,0.8,0.35565012796819967
64,6,0.05,0.8,0.44740380115254763
64,24,0.05,0.8,0.5091860089087414
64,84,0.05,0.8,0.5607425821064923
64,288,0.05,0.8,0.6086460642939673
