dimension,category,count
Gender,Woman,26
Gender,Man,24
Race / ethnicity,White,33
Race / ethnicity,Hispanic,10
Race / ethnicity,Black,4
Race / ethnicity,Asian,2
Race / ethnicity,American Indian/Alaska Native,1
Religion,Catholic,11
Religion,Protestant,19
Religion,Unreligious,20
Political affiliation,Democrat,24
Political affiliation,Republican,26
Age,"[0, 10)",5
Age,"[40, 50)",6
Age,"[20, 30)",5
Age,"[70, 80)",4
Age,"[30, 40)",7
Age,"[60, 70)",11
Age,"[50, 60)",6
Age,"[80, 90)",2
Age,"[10, 20)",4
