run_id,evidence_type,density,avg_clustering_coef,prop_nodes_lcc,global_efficiency,num_components,modularity,radius_lcc,diameter_lcc,avg_shortest_path_lcc,degree_one_share,isolate_share,degree_gini,coleman_gender,coleman_religion,coleman_political orientation,age_assortativity
calibration_v6_5fb3715550db_global_gpt-4.1_us_english_r0,OFFLINE_FIXTURE_NOT_MODEL_OUTPUT,0.04,0.0,1.0,0.14282470768691452,1,0.7303206997084548,25,49,17.0,0.04,0.0,0.019591836734693877,-0.0888888888888889,-0.022368421052631593,0.052044509263760586,-0.052655367231639244
calibration_v6_5fb3715550db_global_gpt-5.6-luna_us_english_r0,OFFLINE_FIXTURE_NOT_MODEL_OUTPUT,0.04,0.0,1.0,0.14282470768691452,1,0.7303206997084548,25,49,17.0,0.04,0.0,0.019591836734693877,-0.0888888888888889,-0.022368421052631593,0.052044509263760586,-0.052655367231639244
calibration_v6_5fb3715550db_global_gpt-6-luna_us_english_r0,OFFLINE_FIXTURE_NOT_MODEL_OUTPUT,0.04,0.0,1.0,0.14282470768691452,1,0.7303206997084548,25,49,17.0,0.04,0.0,0.019591836734693877,-0.0888888888888889,-0.022368421052631593,0.052044509263760586,-0.052655367231639244
calibration_v6_5fb3715550db_global_gpt-6-sol_us_english_r0,OFFLINE_FIXTURE_NOT_MODEL_OUTPUT,0.04,0.0,1.0,0.14282470768691452,1,0.7303206997084548,25,49,17.0,0.04,0.0,0.019591836734693877,-0.0888888888888889,-0.022368421052631593,0.052044509263760586,-0.052655367231639244
calibration_v6_5fb3715550db_local_gpt-4.1_us_english_r0,OFFLINE_FIXTURE_NOT_MODEL_OUTPUT,0.18775510204081633,0.5607231931365836,1.0,0.5938775510204082,1,0.16426275992438563,1,2,1.8122448979591836,0.2,0.0,0.5195652173913043,-0.032733989392685306,-0.014229376156617152,-0.07561573021217664,0.02023118929655077
calibration_v6_5fb3715550db_local_gpt-5.6-luna_us_english_r0,OFFLINE_FIXTURE_NOT_MODEL_OUTPUT,0.18775510204081633,0.5607231931365836,1.0,0.5938775510204082,1,0.16426275992438563,1,2,1.8122448979591836,0.2,0.0,0.5195652173913043,-0.032733989392685306,-0.014229376156617152,-0.07561573021217664,0.02023118929655077
calibration_v6_5fb3715550db_local_gpt-6-luna_us_english_r0,OFFLINE_FIXTURE_NOT_MODEL_OUTPUT,0.18775510204081633,0.5607231931365836,1.0,0.5938775510204082,1,0.16426275992438563,1,2,1.8122448979591836,0.2,0.0,0.5195652173913043,-0.032733989392685306,-0.014229376156617152,-0.07561573021217664,0.02023118929655077
calibration_v6_5fb3715550db_local_gpt-6-sol_us_english_r0,OFFLINE_FIXTURE_NOT_MODEL_OUTPUT,0.18775510204081633,0.5607231931365836,1.0,0.5938775510204082,1,0.16426275992438563,1,2,1.8122448979591836,0.2,0.0,0.5195652173913043,-0.032733989392685306,-0.014229376156617152,-0.07561573021217664,0.02023118929655077
calibration_v6_5fb3715550db_sequential_gpt-4.1_us_english_r0,OFFLINE_FIXTURE_NOT_MODEL_OUTPUT,0.18775510204081633,0.5607231931365836,1.0,0.5938775510204082,1,0.16426275992438563,1,2,1.8122448979591836,0.2,0.0,0.5195652173913043,-0.032733989392685306,-0.014229376156617152,-0.07561573021217664,0.02023118929655077
calibration_v6_5fb3715550db_sequential_gpt-5.6-luna_us_english_r0,OFFLINE_FIXTURE_NOT_MODEL_OUTPUT,0.18775510204081633,0.5607231931365836,1.0,0.5938775510204082,1,0.16426275992438563,1,2,1.8122448979591836,0.2,0.0,0.5195652173913043,-0.032733989392685306,-0.014229376156617152,-0.07561573021217664,0.02023118929655077
calibration_v6_5fb3715550db_sequential_gpt-6-luna_us_english_r0,OFFLINE_FIXTURE_NOT_MODEL_OUTPUT,0.18775510204081633,0.5607231931365836,1.0,0.5938775510204082,1,0.16426275992438563,1,2,1.8122448979591836,0.2,0.0,0.5195652173913043,-0.032733989392685306,-0.014229376156617152,-0.07561573021217664,0.02023118929655077
calibration_v6_5fb3715550db_sequential_gpt-6-sol_us_english_r0,OFFLINE_FIXTURE_NOT_MODEL_OUTPUT,0.18775510204081633,0.5607231931365836,1.0,0.5938775510204082,1,0.16426275992438563,1,2,1.8122448979591836,0.2,0.0,0.5195652173913043,-0.032733989392685306,-0.014229376156617152,-0.07561573021217664,0.02023118929655077
calibration_v6_5fb3715550db_iterative_gpt-4.1_us_english_r0,OFFLINE_FIXTURE_NOT_MODEL_OUTPUT,0.18857142857142858,0.6101376858213184,0.98,0.5742857142857143,2,0.1570716440846311,1,2,1.8035714285714286,0.18,0.02,0.5296969696969697,-0.001619805996078201,-0.05372513490259095,-0.11622235693443128,-0.0012463814099739365
calibration_v6_5fb3715550db_iterative_gpt-5.6-luna_us_english_r0,OFFLINE_FIXTURE_NOT_MODEL_OUTPUT,0.18857142857142858,0.6101376858213184,0.98,0.5742857142857143,2,0.1570716440846311,1,2,1.8035714285714286,0.18,0.02,0.5296969696969697,-0.001619805996078201,-0.05372513490259095,-0.11622235693443128,-0.0012463814099739365
calibration_v6_5fb3715550db_iterative_gpt-6-luna_us_english_r0,OFFLINE_FIXTURE_NOT_MODEL_OUTPUT,0.18857142857142858,0.6101376858213184,0.98,0.5742857142857143,2,0.1570716440846311,1,2,1.8035714285714286,0.18,0.02,0.5296969696969697,-0.001619805996078201,-0.05372513490259095,-0.11622235693443128,-0.0012463814099739365
calibration_v6_5fb3715550db_iterative_gpt-6-sol_us_english_r0,OFFLINE_FIXTURE_NOT_MODEL_OUTPUT,0.18857142857142858,0.6101376858213184,0.98,0.5742857142857143,2,0.1570716440846311,1,2,1.8035714285714286,0.18,0.02,0.5296969696969697,-0.001619805996078201,-0.05372513490259095,-0.11622235693443128,-0.0012463814099739365
calibration_v6_5fb3715550db_global_gpt-6-luna_brazil_english_r0,OFFLINE_FIXTURE_NOT_MODEL_OUTPUT,0.04,0.0,1.0,0.14282470768691452,1,0.7303206997084548,25,49,17.0,0.04,0.0,0.019591836734693877,-0.0888888888888889,-0.022368421052631593,0.052044509263760586,-0.052655367231639244
calibration_v6_5fb3715550db_global_gpt-6-luna_brazil_english_r1,OFFLINE_FIXTURE_NOT_MODEL_OUTPUT,0.04,0.0,1.0,0.14282470768691458,1,0.7290712203248646,25,49,17.0,0.04,0.0,0.019591836734693877,0.022863247863247844,-0.07236842105263158,0.019139122813437073,-0.0908969346433804
calibration_v6_5fb3715550db_global_gpt-6-luna_india_english_r0,OFFLINE_FIXTURE_NOT_MODEL_OUTPUT,0.04,0.0,1.0,0.14282470768691452,1,0.7303206997084548,25,49,17.0,0.04,0.0,0.019591836734693877,-0.0888888888888889,-0.022368421052631593,0.052044509263760586,-0.052655367231639244
calibration_v6_5fb3715550db_global_gpt-6-luna_india_english_r1,OFFLINE_FIXTURE_NOT_MODEL_OUTPUT,0.04,0.0,1.0,0.14282470768691458,1,0.7290712203248646,25,49,17.0,0.04,0.0,0.019591836734693877,0.022863247863247844,-0.07236842105263158,0.019139122813437073,-0.0908969346433804
calibration_v6_5fb3715550db_global_gpt-6-luna_japan_english_r0,OFFLINE_FIXTURE_NOT_MODEL_OUTPUT,0.04,0.0,1.0,0.14282470768691452,1,0.7303206997084548,25,49,17.0,0.04,0.0,0.019591836734693877,-0.0888888888888889,-0.022368421052631593,0.052044509263760586,-0.052655367231639244
calibration_v6_5fb3715550db_global_gpt-6-luna_japan_english_r1,OFFLINE_FIXTURE_NOT_MODEL_OUTPUT,0.04,0.0,1.0,0.14282470768691458,1,0.7290712203248646,25,49,17.0,0.04,0.0,0.019591836734693877,0.022863247863247844,-0.07236842105263158,0.019139122813437073,-0.0908969346433804
calibration_v6_5fb3715550db_global_gpt-6-luna_us_english_r1,OFFLINE_FIXTURE_NOT_MODEL_OUTPUT,0.04,0.0,1.0,0.14282470768691458,1,0.7290712203248646,25,49,17.0,0.04,0.0,0.019591836734693877,0.022863247863247844,-0.07236842105263158,0.019139122813437073,-0.0908969346433804
calibration_v6_5fb3715550db_global_gpt-6-luna_us_hindi_r0,OFFLINE_FIXTURE_NOT_MODEL_OUTPUT,0.04,0.0,1.0,0.14282470768691452,1,0.7303206997084548,25,49,17.0,0.04,0.0,0.019591836734693877,-0.0888888888888889,-0.022368421052631593,0.052044509263760586,-0.052655367231639244
calibration_v6_5fb3715550db_global_gpt-6-luna_us_hindi_r1,OFFLINE_FIXTURE_NOT_MODEL_OUTPUT,0.04,0.0,1.0,0.14282470768691458,1,0.7290712203248646,25,49,17.0,0.04,0.0,0.019591836734693877,0.022863247863247844,-0.07236842105263158,0.019139122813437073,-0.0908969346433804
calibration_v6_5fb3715550db_global_gpt-6-luna_us_japanese_r0,OFFLINE_FIXTURE_NOT_MODEL_OUTPUT,0.04,0.0,1.0,0.14282470768691452,1,0.7303206997084548,25,49,17.0,0.04,0.0,0.019591836734693877,-0.0888888888888889,-0.022368421052631593,0.052044509263760586,-0.052655367231639244
calibration_v6_5fb3715550db_global_gpt-6-luna_us_japanese_r1,OFFLINE_FIXTURE_NOT_MODEL_OUTPUT,0.04,0.0,1.0,0.14282470768691458,1,0.7290712203248646,25,49,17.0,0.04,0.0,0.019591836734693877,0.022863247863247844,-0.07236842105263158,0.019139122813437073,-0.0908969346433804
calibration_v6_5fb3715550db_global_gpt-6-luna_us_portuguese_r0,OFFLINE_FIXTURE_NOT_MODEL_OUTPUT,0.04,0.0,1.0,0.14282470768691452,1,0.7303206997084548,25,49,17.0,0.04,0.0,0.019591836734693877,-0.0888888888888889,-0.022368421052631593,0.052044509263760586,-0.052655367231639244
calibration_v6_5fb3715550db_global_gpt-6-luna_us_portuguese_r1,OFFLINE_FIXTURE_NOT_MODEL_OUTPUT,0.04,0.0,1.0,0.14282470768691458,1,0.7290712203248646,25,49,17.0,0.04,0.0,0.019591836734693877,0.022863247863247844,-0.07236842105263158,0.019139122813437073,-0.0908969346433804
calibration_v6_5fb3715550db_local_gpt-6-luna_brazil_english_r0,OFFLINE_FIXTURE_NOT_MODEL_OUTPUT,0.18775510204081633,0.5607231931365836,1.0,0.5938775510204082,1,0.16426275992438563,1,2,1.8122448979591836,0.2,0.0,0.5195652173913043,-0.032733989392685306,-0.014229376156617152,-0.07561573021217664,0.02023118929655077
calibration_v6_5fb3715550db_local_gpt-6-luna_brazil_english_r1,OFFLINE_FIXTURE_NOT_MODEL_OUTPUT,0.19428571428571428,0.4046533854328774,1.0,0.5971428571428572,1,0.17324871124920557,1,2,1.8057142857142856,0.22,0.0,0.5015966386554622,-0.014178307572975647,-0.06053837412730336,-0.021972996103672877,0.040286722226142664
calibration_v6_5fb3715550db_local_gpt-6-luna_india_english_r0,OFFLINE_FIXTURE_NOT_MODEL_OUTPUT,0.18775510204081633,0.5607231931365836,1.0,0.5938775510204082,1,0.16426275992438563,1,2,1.8122448979591836,0.2,0.0,0.5195652173913043,-0.032733989392685306,-0.014229376156617152,-0.07561573021217664,0.02023118929655077
calibration_v6_5fb3715550db_local_gpt-6-luna_india_english_r1,OFFLINE_FIXTURE_NOT_MODEL_OUTPUT,0.19428571428571428,0.4046533854328774,1.0,0.5971428571428572,1,0.17324871124920557,1,2,1.8057142857142856,0.22,0.0,0.5015966386554622,-0.014178307572975647,-0.06053837412730336,-0.021972996103672877,0.040286722226142664
calibration_v6_5fb3715550db_local_gpt-6-luna_japan_english_r0,OFFLINE_FIXTURE_NOT_MODEL_OUTPUT,0.18775510204081633,0.5607231931365836,1.0,0.5938775510204082,1,0.16426275992438563,1,2,1.8122448979591836,0.2,0.0,0.5195652173913043,-0.032733989392685306,-0.014229376156617152,-0.07561573021217664,0.02023118929655077
calibration_v6_5fb3715550db_local_gpt-6-luna_japan_english_r1,OFFLINE_FIXTURE_NOT_MODEL_OUTPUT,0.19428571428571428,0.4046533854328774,1.0,0.5971428571428572,1,0.17324871124920557,1,2,1.8057142857142856,0.22,0.0,0.5015966386554622,-0.014178307572975647,-0.06053837412730336,-0.021972996103672877,0.040286722226142664
calibration_v6_5fb3715550db_local_gpt-6-luna_us_english_r1,OFFLINE_FIXTURE_NOT_MODEL_OUTPUT,0.19428571428571428,0.4046533854328774,1.0,0.5971428571428572,1,0.17324871124920557,1,2,1.8057142857142856,0.22,0.0,0.5015966386554622,-0.014178307572975647,-0.06053837412730336,-0.021972996103672877,0.040286722226142664
calibration_v6_5fb3715550db_local_gpt-6-luna_us_hindi_r0,OFFLINE_FIXTURE_NOT_MODEL_OUTPUT,0.18775510204081633,0.5607231931365836,1.0,0.5938775510204082,1,0.16426275992438563,1,2,1.8122448979591836,0.2,0.0,0.5195652173913043,-0.032733989392685306,-0.014229376156617152,-0.07561573021217664,0.02023118929655077
calibration_v6_5fb3715550db_local_gpt-6-luna_us_hindi_r1,OFFLINE_FIXTURE_NOT_MODEL_OUTPUT,0.19428571428571428,0.4046533854328774,1.0,0.5971428571428572,1,0.17324871124920557,1,2,1.8057142857142856,0.22,0.0,0.5015966386554622,-0.014178307572975647,-0.06053837412730336,-0.021972996103672877,0.040286722226142664
calibration_v6_5fb3715550db_local_gpt-6-luna_us_japanese_r0,OFFLINE_FIXTURE_NOT_MODEL_OUTPUT,0.18775510204081633,0.5607231931365836,1.0,0.5938775510204082,1,0.16426275992438563,1,2,1.8122448979591836,0.2,0.0,0.5195652173913043,-0.032733989392685306,-0.014229376156617152,-0.07561573021217664,0.02023118929655077
calibration_v6_5fb3715550db_local_gpt-6-luna_us_japanese_r1,OFFLINE_FIXTURE_NOT_MODEL_OUTPUT,0.19428571428571428,0.4046533854328774,1.0,0.5971428571428572,1,0.17324871124920557,1,2,1.8057142857142856,0.22,0.0,0.5015966386554622,-0.014178307572975647,-0.06053837412730336,-0.021972996103672877,0.040286722226142664
calibration_v6_5fb3715550db_local_gpt-6-luna_us_portuguese_r0,OFFLINE_FIXTURE_NOT_MODEL_OUTPUT,0.18775510204081633,0.5607231931365836,1.0,0.5938775510204082,1,0.16426275992438563,1,2,1.8122448979591836,0.2,0.0,0.5195652173913043,-0.032733989392685306,-0.014229376156617152,-0.07561573021217664,0.02023118929655077
calibration_v6_5fb3715550db_local_gpt-6-luna_us_portuguese_r1,OFFLINE_FIXTURE_NOT_MODEL_OUTPUT,0.19428571428571428,0.4046533854328774,1.0,0.5971428571428572,1,0.17324871124920557,1,2,1.8057142857142856,0.22,0.0,0.5015966386554622,-0.014178307572975647,-0.06053837412730336,-0.021972996103672877,0.040286722226142664
calibration_v6_5fb3715550db_sequential_gpt-6-luna_brazil_english_r0,OFFLINE_FIXTURE_NOT_MODEL_OUTPUT,0.18775510204081633,0.5607231931365836,1.0,0.5938775510204082,1,0.16426275992438563,1,2,1.8122448979591836,0.2,0.0,0.5195652173913043,-0.032733989392685306,-0.014229376156617152,-0.07561573021217664,0.02023118929655077
calibration_v6_5fb3715550db_sequential_gpt-6-luna_brazil_english_r1,OFFLINE_FIXTURE_NOT_MODEL_OUTPUT,0.19428571428571428,0.4046533854328774,1.0,0.5971428571428572,1,0.17324871124920557,1,2,1.8057142857142856,0.22,0.0,0.5015966386554622,-0.014178307572975647,-0.06053837412730336,-0.021972996103672877,0.040286722226142664
calibration_v6_5fb3715550db_sequential_gpt-6-luna_india_english_r0,OFFLINE_FIXTURE_NOT_MODEL_OUTPUT,0.18775510204081633,0.5607231931365836,1.0,0.5938775510204082,1,0.16426275992438563,1,2,1.8122448979591836,0.2,0.0,0.5195652173913043,-0.032733989392685306,-0.014229376156617152,-0.07561573021217664,0.02023118929655077
calibration_v6_5fb3715550db_sequential_gpt-6-luna_india_english_r1,OFFLINE_FIXTURE_NOT_MODEL_OUTPUT,0.19428571428571428,0.4046533854328774,1.0,0.5971428571428572,1,0.17324871124920557,1,2,1.8057142857142856,0.22,0.0,0.5015966386554622,-0.014178307572975647,-0.06053837412730336,-0.021972996103672877,0.040286722226142664
calibration_v6_5fb3715550db_sequential_gpt-6-luna_japan_english_r0,OFFLINE_FIXTURE_NOT_MODEL_OUTPUT,0.18775510204081633,0.5607231931365836,1.0,0.5938775510204082,1,0.16426275992438563,1,2,1.8122448979591836,0.2,0.0,0.5195652173913043,-0.032733989392685306,-0.014229376156617152,-0.07561573021217664,0.02023118929655077
calibration_v6_5fb3715550db_sequential_gpt-6-luna_japan_english_r1,OFFLINE_FIXTURE_NOT_MODEL_OUTPUT,0.19428571428571428,0.4046533854328774,1.0,0.5971428571428572,1,0.17324871124920557,1,2,1.8057142857142856,0.22,0.0,0.5015966386554622,-0.014178307572975647,-0.06053837412730336,-0.021972996103672877,0.040286722226142664
calibration_v6_5fb3715550db_sequential_gpt-6-luna_us_english_r1,OFFLINE_FIXTURE_NOT_MODEL_OUTPUT,0.19428571428571428,0.4046533854328774,1.0,0.5971428571428572,1,0.17324871124920557,1,2,1.8057142857142856,0.22,0.0,0.5015966386554622,-0.014178307572975647,-0.06053837412730336,-0.021972996103672877,0.040286722226142664
calibration_v6_5fb3715550db_sequential_gpt-6-luna_us_hindi_r0,OFFLINE_FIXTURE_NOT_MODEL_OUTPUT,0.18775510204081633,0.5607231931365836,1.0,0.5938775510204082,1,0.16426275992438563,1,2,1.8122448979591836,0.2,0.0,0.5195652173913043,-0.032733989392685306,-0.014229376156617152,-0.07561573021217664,0.02023118929655077
calibration_v6_5fb3715550db_sequential_gpt-6-luna_us_hindi_r1,OFFLINE_FIXTURE_NOT_MODEL_OUTPUT,0.19428571428571428,0.4046533854328774,1.0,0.5971428571428572,1,0.17324871124920557,1,2,1.8057142857142856,0.22,0.0,0.5015966386554622,-0.014178307572975647,-0.06053837412730336,-0.021972996103672877,0.040286722226142664
calibration_v6_5fb3715550db_sequential_gpt-6-luna_us_japanese_r0,OFFLINE_FIXTURE_NOT_MODEL_OUTPUT,0.18775510204081633,0.5607231931365836,1.0,0.5938775510204082,1,0.16426275992438563,1,2,1.8122448979591836,0.2,0.0,0.5195652173913043,-0.032733989392685306,-0.014229376156617152,-0.07561573021217664,0.02023118929655077
calibration_v6_5fb3715550db_sequential_gpt-6-luna_us_japanese_r1,OFFLINE_FIXTURE_NOT_MODEL_OUTPUT,0.19428571428571428,0.4046533854328774,1.0,0.5971428571428572,1,0.17324871124920557,1,2,1.8057142857142856,0.22,0.0,0.5015966386554622,-0.014178307572975647,-0.06053837412730336,-0.021972996103672877,0.040286722226142664
calibration_v6_5fb3715550db_sequential_gpt-6-luna_us_portuguese_r0,OFFLINE_FIXTURE_NOT_MODEL_OUTPUT,0.18775510204081633,0.5607231931365836,1.0,0.5938775510204082,1,0.16426275992438563,1,2,1.8122448979591836,0.2,0.0,0.5195652173913043,-0.032733989392685306,-0.014229376156617152,-0.07561573021217664,0.02023118929655077
calibration_v6_5fb3715550db_sequential_gpt-6-luna_us_portuguese_r1,OFFLINE_FIXTURE_NOT_MODEL_OUTPUT,0.19428571428571428,0.4046533854328774,1.0,0.5971428571428572,1,0.17324871124920557,1,2,1.8057142857142856,0.22,0.0,0.5015966386554622,-0.014178307572975647,-0.06053837412730336,-0.021972996103672877,0.040286722226142664
calibration_v6_5fb3715550db_iterative_gpt-6-luna_brazil_english_r0,OFFLINE_FIXTURE_NOT_MODEL_OUTPUT,0.18857142857142858,0.6101376858213184,0.98,0.5742857142857143,2,0.1570716440846311,1,2,1.8035714285714286,0.18,0.02,0.5296969696969697,-0.001619805996078201,-0.05372513490259095,-0.11622235693443128,-0.0012463814099739365
calibration_v6_5fb3715550db_iterative_gpt-6-luna_brazil_english_r1,OFFLINE_FIXTURE_NOT_MODEL_OUTPUT,0.19510204081632654,0.47280685114685284,1.0,0.5951020408163259,1,0.17239719192591163,2,3,1.819591836734694,0.22,0.0,0.5103765690376569,-0.02991513437057996,-0.03812034870487403,-0.03912424443607851,-0.0570680996835575
calibration_v6_5fb3715550db_iterative_gpt-6-luna_india_english_r0,OFFLINE_FIXTURE_NOT_MODEL_OUTPUT,0.18857142857142858,0.6101376858213184,0.98,0.5742857142857143,2,0.1570716440846311,1,2,1.8035714285714286,0.18,0.02,0.5296969696969697,-0.001619805996078201,-0.05372513490259095,-0.11622235693443128,-0.0012463814099739365
calibration_v6_5fb3715550db_iterative_gpt-6-luna_india_english_r1,OFFLINE_FIXTURE_NOT_MODEL_OUTPUT,0.19510204081632654,0.47280685114685284,1.0,0.5951020408163259,1,0.17239719192591163,2,3,1.819591836734694,0.22,0.0,0.5103765690376569,-0.02991513437057996,-0.03812034870487403,-0.03912424443607851,-0.0570680996835575
calibration_v6_5fb3715550db_iterative_gpt-6-luna_japan_english_r0,OFFLINE_FIXTURE_NOT_MODEL_OUTPUT,0.18857142857142858,0.6101376858213184,0.98,0.5742857142857143,2,0.1570716440846311,1,2,1.8035714285714286,0.18,0.02,0.5296969696969697,-0.001619805996078201,-0.05372513490259095,-0.11622235693443128,-0.0012463814099739365
calibration_v6_5fb3715550db_iterative_gpt-6-luna_japan_english_r1,OFFLINE_FIXTURE_NOT_MODEL_OUTPUT,0.19510204081632654,0.47280685114685284,1.0,0.5951020408163259,1,0.17239719192591163,2,3,1.819591836734694,0.22,0.0,0.5103765690376569,-0.02991513437057996,-0.03812034870487403,-0.03912424443607851,-0.0570680996835575
calibration_v6_5fb3715550db_iterative_gpt-6-luna_us_english_r1,OFFLINE_FIXTURE_NOT_MODEL_OUTPUT,0.19510204081632654,0.47280685114685284,1.0,0.5951020408163259,1,0.17239719192591163,2,3,1.819591836734694,0.22,0.0,0.5103765690376569,-0.02991513437057996,-0.03812034870487403,-0.03912424443607851,-0.0570680996835575
calibration_v6_5fb3715550db_iterative_gpt-6-luna_us_hindi_r0,OFFLINE_FIXTURE_NOT_MODEL_OUTPUT,0.18857142857142858,0.6101376858213184,0.98,0.5742857142857143,2,0.1570716440846311,1,2,1.8035714285714286,0.18,0.02,0.5296969696969697,-0.001619805996078201,-0.05372513490259095,-0.11622235693443128,-0.0012463814099739365
calibration_v6_5fb3715550db_iterative_gpt-6-luna_us_hindi_r1,OFFLINE_FIXTURE_NOT_MODEL_OUTPUT,0.19510204081632654,0.47280685114685284,1.0,0.5951020408163259,1,0.17239719192591163,2,3,1.819591836734694,0.22,0.0,0.5103765690376569,-0.02991513437057996,-0.03812034870487403,-0.03912424443607851,-0.0570680996835575
calibration_v6_5fb3715550db_iterative_gpt-6-luna_us_japanese_r0,OFFLINE_FIXTURE_NOT_MODEL_OUTPUT,0.18857142857142858,0.6101376858213184,0.98,0.5742857142857143,2,0.1570716440846311,1,2,1.8035714285714286,0.18,0.02,0.5296969696969697,-0.001619805996078201,-0.05372513490259095,-0.11622235693443128,-0.0012463814099739365
calibration_v6_5fb3715550db_iterative_gpt-6-luna_us_japanese_r1,OFFLINE_FIXTURE_NOT_MODEL_OUTPUT,0.19510204081632654,0.47280685114685284,1.0,0.5951020408163259,1,0.17239719192591163,2,3,1.819591836734694,0.22,0.0,0.5103765690376569,-0.02991513437057996,-0.03812034870487403,-0.03912424443607851,-0.0570680996835575
calibration_v6_5fb3715550db_iterative_gpt-6-luna_us_portuguese_r0,OFFLINE_FIXTURE_NOT_MODEL_OUTPUT,0.18857142857142858,0.6101376858213184,0.98,0.5742857142857143,2,0.1570716440846311,1,2,1.8035714285714286,0.18,0.02,0.5296969696969697,-0.001619805996078201,-0.05372513490259095,-0.11622235693443128,-0.0012463814099739365
calibration_v6_5fb3715550db_iterative_gpt-6-luna_us_portuguese_r1,OFFLINE_FIXTURE_NOT_MODEL_OUTPUT,0.19510204081632654,0.47280685114685284,1.0,0.5951020408163259,1,0.17239719192591163,2,3,1.819591836734694,0.22,0.0,0.5103765690376569,-0.02991513437057996,-0.03812034870487403,-0.03912424443607851,-0.0570680996835575
calibration_v6_5fb3715550db_global_gpt-4.1_us_hindi_r0,OFFLINE_FIXTURE_NOT_MODEL_OUTPUT,0.04,0.0,1.0,0.14282470768691452,1,0.7303206997084548,25,49,17.0,0.04,0.0,0.019591836734693877,-0.0888888888888889,-0.022368421052631593,0.052044509263760586,-0.052655367231639244
calibration_v6_5fb3715550db_global_gpt-4.1_us_japanese_r0,OFFLINE_FIXTURE_NOT_MODEL_OUTPUT,0.04,0.0,1.0,0.14282470768691452,1,0.7303206997084548,25,49,17.0,0.04,0.0,0.019591836734693877,-0.0888888888888889,-0.022368421052631593,0.052044509263760586,-0.052655367231639244
calibration_v6_5fb3715550db_global_gpt-4.1_us_portuguese_r0,OFFLINE_FIXTURE_NOT_MODEL_OUTPUT,0.04,0.0,1.0,0.14282470768691452,1,0.7303206997084548,25,49,17.0,0.04,0.0,0.019591836734693877,-0.0888888888888889,-0.022368421052631593,0.052044509263760586,-0.052655367231639244
calibration_v6_5fb3715550db_global_gpt-5.6-luna_us_hindi_r0,OFFLINE_FIXTURE_NOT_MODEL_OUTPUT,0.04,0.0,1.0,0.14282470768691452,1,0.7303206997084548,25,49,17.0,0.04,0.0,0.019591836734693877,-0.0888888888888889,-0.022368421052631593,0.052044509263760586,-0.052655367231639244
calibration_v6_5fb3715550db_global_gpt-5.6-luna_us_japanese_r0,OFFLINE_FIXTURE_NOT_MODEL_OUTPUT,0.04,0.0,1.0,0.14282470768691452,1,0.7303206997084548,25,49,17.0,0.04,0.0,0.019591836734693877,-0.0888888888888889,-0.022368421052631593,0.052044509263760586,-0.052655367231639244
calibration_v6_5fb3715550db_global_gpt-5.6-luna_us_portuguese_r0,OFFLINE_FIXTURE_NOT_MODEL_OUTPUT,0.04,0.0,1.0,0.14282470768691452,1,0.7303206997084548,25,49,17.0,0.04,0.0,0.019591836734693877,-0.0888888888888889,-0.022368421052631593,0.052044509263760586,-0.052655367231639244
calibration_v6_5fb3715550db_global_gpt-6-sol_us_hindi_r0,OFFLINE_FIXTURE_NOT_MODEL_OUTPUT,0.04,0.0,1.0,0.14282470768691452,1,0.7303206997084548,25,49,17.0,0.04,0.0,0.019591836734693877,-0.0888888888888889,-0.022368421052631593,0.052044509263760586,-0.052655367231639244
calibration_v6_5fb3715550db_global_gpt-6-sol_us_japanese_r0,OFFLINE_FIXTURE_NOT_MODEL_OUTPUT,0.04,0.0,1.0,0.14282470768691452,1,0.7303206997084548,25,49,17.0,0.04,0.0,0.019591836734693877,-0.0888888888888889,-0.022368421052631593,0.052044509263760586,-0.052655367231639244
calibration_v6_5fb3715550db_global_gpt-6-sol_us_portuguese_r0,OFFLINE_FIXTURE_NOT_MODEL_OUTPUT,0.04,0.0,1.0,0.14282470768691452,1,0.7303206997084548,25,49,17.0,0.04,0.0,0.019591836734693877,-0.0888888888888889,-0.022368421052631593,0.052044509263760586,-0.052655367231639244
calibration_v6_5fb3715550db_local_gpt-4.1_us_hindi_r0,OFFLINE_FIXTURE_NOT_MODEL_OUTPUT,0.18775510204081633,0.5607231931365836,1.0,0.5938775510204082,1,0.16426275992438563,1,2,1.8122448979591836,0.2,0.0,0.5195652173913043,-0.032733989392685306,-0.014229376156617152,-0.07561573021217664,0.02023118929655077
calibration_v6_5fb3715550db_local_gpt-4.1_us_japanese_r0,OFFLINE_FIXTURE_NOT_MODEL_OUTPUT,0.18775510204081633,0.5607231931365836,1.0,0.5938775510204082,1,0.16426275992438563,1,2,1.8122448979591836,0.2,0.0,0.5195652173913043,-0.032733989392685306,-0.014229376156617152,-0.07561573021217664,0.02023118929655077
calibration_v6_5fb3715550db_local_gpt-4.1_us_portuguese_r0,OFFLINE_FIXTURE_NOT_MODEL_OUTPUT,0.18775510204081633,0.5607231931365836,1.0,0.5938775510204082,1,0.16426275992438563,1,2,1.8122448979591836,0.2,0.0,0.5195652173913043,-0.032733989392685306,-0.014229376156617152,-0.07561573021217664,0.02023118929655077
calibration_v6_5fb3715550db_local_gpt-5.6-luna_us_hindi_r0,OFFLINE_FIXTURE_NOT_MODEL_OUTPUT,0.18775510204081633,0.5607231931365836,1.0,0.5938775510204082,1,0.16426275992438563,1,2,1.8122448979591836,0.2,0.0,0.5195652173913043,-0.032733989392685306,-0.014229376156617152,-0.07561573021217664,0.02023118929655077
calibration_v6_5fb3715550db_local_gpt-5.6-luna_us_japanese_r0,OFFLINE_FIXTURE_NOT_MODEL_OUTPUT,0.18775510204081633,0.5607231931365836,1.0,0.5938775510204082,1,0.16426275992438563,1,2,1.8122448979591836,0.2,0.0,0.5195652173913043,-0.032733989392685306,-0.014229376156617152,-0.07561573021217664,0.02023118929655077
calibration_v6_5fb3715550db_local_gpt-5.6-luna_us_portuguese_r0,OFFLINE_FIXTURE_NOT_MODEL_OUTPUT,0.18775510204081633,0.5607231931365836,1.0,0.5938775510204082,1,0.16426275992438563,1,2,1.8122448979591836,0.2,0.0,0.5195652173913043,-0.032733989392685306,-0.014229376156617152,-0.07561573021217664,0.02023118929655077
calibration_v6_5fb3715550db_local_gpt-6-sol_us_hindi_r0,OFFLINE_FIXTURE_NOT_MODEL_OUTPUT,0.18775510204081633,0.5607231931365836,1.0,0.5938775510204082,1,0.16426275992438563,1,2,1.8122448979591836,0.2,0.0,0.5195652173913043,-0.032733989392685306,-0.014229376156617152,-0.07561573021217664,0.02023118929655077
calibration_v6_5fb3715550db_local_gpt-6-sol_us_japanese_r0,OFFLINE_FIXTURE_NOT_MODEL_OUTPUT,0.18775510204081633,0.5607231931365836,1.0,0.5938775510204082,1,0.16426275992438563,1,2,1.8122448979591836,0.2,0.0,0.5195652173913043,-0.032733989392685306,-0.014229376156617152,-0.07561573021217664,0.02023118929655077
calibration_v6_5fb3715550db_local_gpt-6-sol_us_portuguese_r0,OFFLINE_FIXTURE_NOT_MODEL_OUTPUT,0.18775510204081633,0.5607231931365836,1.0,0.5938775510204082,1,0.16426275992438563,1,2,1.8122448979591836,0.2,0.0,0.5195652173913043,-0.032733989392685306,-0.014229376156617152,-0.07561573021217664,0.02023118929655077
calibration_v6_5fb3715550db_sequential_gpt-4.1_us_hindi_r0,OFFLINE_FIXTURE_NOT_MODEL_OUTPUT,0.18775510204081633,0.5607231931365836,1.0,0.5938775510204082,1,0.16426275992438563,1,2,1.8122448979591836,0.2,0.0,0.5195652173913043,-0.032733989392685306,-0.014229376156617152,-0.07561573021217664,0.02023118929655077
calibration_v6_5fb3715550db_sequential_gpt-4.1_us_japanese_r0,OFFLINE_FIXTURE_NOT_MODEL_OUTPUT,0.18775510204081633,0.5607231931365836,1.0,0.5938775510204082,1,0.16426275992438563,1,2,1.8122448979591836,0.2,0.0,0.5195652173913043,-0.032733989392685306,-0.014229376156617152,-0.07561573021217664,0.02023118929655077
calibration_v6_5fb3715550db_sequential_gpt-4.1_us_portuguese_r0,OFFLINE_FIXTURE_NOT_MODEL_OUTPUT,0.18775510204081633,0.5607231931365836,1.0,0.5938775510204082,1,0.16426275992438563,1,2,1.8122448979591836,0.2,0.0,0.5195652173913043,-0.032733989392685306,-0.014229376156617152,-0.07561573021217664,0.02023118929655077
calibration_v6_5fb3715550db_sequential_gpt-5.6-luna_us_hindi_r0,OFFLINE_FIXTURE_NOT_MODEL_OUTPUT,0.18775510204081633,0.5607231931365836,1.0,0.5938775510204082,1,0.16426275992438563,1,2,1.8122448979591836,0.2,0.0,0.5195652173913043,-0.032733989392685306,-0.014229376156617152,-0.07561573021217664,0.02023118929655077
calibration_v6_5fb3715550db_sequential_gpt-5.6-luna_us_japanese_r0,OFFLINE_FIXTURE_NOT_MODEL_OUTPUT,0.18775510204081633,0.5607231931365836,1.0,0.5938775510204082,1,0.16426275992438563,1,2,1.8122448979591836,0.2,0.0,0.5195652173913043,-0.032733989392685306,-0.014229376156617152,-0.07561573021217664,0.02023118929655077
calibration_v6_5fb3715550db_sequential_gpt-5.6-luna_us_portuguese_r0,OFFLINE_FIXTURE_NOT_MODEL_OUTPUT,0.18775510204081633,0.5607231931365836,1.0,0.5938775510204082,1,0.16426275992438563,1,2,1.8122448979591836,0.2,0.0,0.5195652173913043,-0.032733989392685306,-0.014229376156617152,-0.07561573021217664,0.02023118929655077
calibration_v6_5fb3715550db_sequential_gpt-6-sol_us_hindi_r0,OFFLINE_FIXTURE_NOT_MODEL_OUTPUT,0.18775510204081633,0.5607231931365836,1.0,0.5938775510204082,1,0.16426275992438563,1,2,1.8122448979591836,0.2,0.0,0.5195652173913043,-0.032733989392685306,-0.014229376156617152,-0.07561573021217664,0.02023118929655077
calibration_v6_5fb3715550db_sequential_gpt-6-sol_us_japanese_r0,OFFLINE_FIXTURE_NOT_MODEL_OUTPUT,0.18775510204081633,0.5607231931365836,1.0,0.5938775510204082,1,0.16426275992438563,1,2,1.8122448979591836,0.2,0.0,0.5195652173913043,-0.032733989392685306,-0.014229376156617152,-0.07561573021217664,0.02023118929655077
calibration_v6_5fb3715550db_sequential_gpt-6-sol_us_portuguese_r0,OFFLINE_FIXTURE_NOT_MODEL_OUTPUT,0.18775510204081633,0.5607231931365836,1.0,0.5938775510204082,1,0.16426275992438563,1,2,1.8122448979591836,0.2,0.0,0.5195652173913043,-0.032733989392685306,-0.014229376156617152,-0.07561573021217664,0.02023118929655077
calibration_v6_5fb3715550db_iterative_gpt-4.1_us_hindi_r0,OFFLINE_FIXTURE_NOT_MODEL_OUTPUT,0.18857142857142858,0.6101376858213184,0.98,0.5742857142857143,2,0.1570716440846311,1,2,1.8035714285714286,0.18,0.02,0.5296969696969697,-0.001619805996078201,-0.05372513490259095,-0.11622235693443128,-0.0012463814099739365
calibration_v6_5fb3715550db_iterative_gpt-4.1_us_japanese_r0,OFFLINE_FIXTURE_NOT_MODEL_OUTPUT,0.18857142857142858,0.6101376858213184,0.98,0.5742857142857143,2,0.1570716440846311,1,2,1.8035714285714286,0.18,0.02,0.5296969696969697,-0.001619805996078201,-0.05372513490259095,-0.11622235693443128,-0.0012463814099739365
calibration_v6_5fb3715550db_iterative_gpt-4.1_us_portuguese_r0,OFFLINE_FIXTURE_NOT_MODEL_OUTPUT,0.18857142857142858,0.6101376858213184,0.98,0.5742857142857143,2,0.1570716440846311,1,2,1.8035714285714286,0.18,0.02,0.5296969696969697,-0.001619805996078201,-0.05372513490259095,-0.11622235693443128,-0.0012463814099739365
calibration_v6_5fb3715550db_iterative_gpt-5.6-luna_us_hindi_r0,OFFLINE_FIXTURE_NOT_MODEL_OUTPUT,0.18857142857142858,0.6101376858213184,0.98,0.5742857142857143,2,0.1570716440846311,1,2,1.8035714285714286,0.18,0.02,0.5296969696969697,-0.001619805996078201,-0.05372513490259095,-0.11622235693443128,-0.0012463814099739365
calibration_v6_5fb3715550db_iterative_gpt-5.6-luna_us_japanese_r0,OFFLINE_FIXTURE_NOT_MODEL_OUTPUT,0.18857142857142858,0.6101376858213184,0.98,0.5742857142857143,2,0.1570716440846311,1,2,1.8035714285714286,0.18,0.02,0.5296969696969697,-0.001619805996078201,-0.05372513490259095,-0.11622235693443128,-0.0012463814099739365
calibration_v6_5fb3715550db_iterative_gpt-5.6-luna_us_portuguese_r0,OFFLINE_FIXTURE_NOT_MODEL_OUTPUT,0.18857142857142858,0.6101376858213184,0.98,0.5742857142857143,2,0.1570716440846311,1,2,1.8035714285714286,0.18,0.02,0.5296969696969697,-0.001619805996078201,-0.05372513490259095,-0.11622235693443128,-0.0012463814099739365
calibration_v6_5fb3715550db_iterative_gpt-6-sol_us_hindi_r0,OFFLINE_FIXTURE_NOT_MODEL_OUTPUT,0.18857142857142858,0.6101376858213184,0.98,0.5742857142857143,2,0.1570716440846311,1,2,1.8035714285714286,0.18,0.02,0.5296969696969697,-0.001619805996078201,-0.05372513490259095,-0.11622235693443128,-0.0012463814099739365
calibration_v6_5fb3715550db_iterative_gpt-6-sol_us_japanese_r0,OFFLINE_FIXTURE_NOT_MODEL_OUTPUT,0.18857142857142858,0.6101376858213184,0.98,0.5742857142857143,2,0.1570716440846311,1,2,1.8035714285714286,0.18,0.02,0.5296969696969697,-0.001619805996078201,-0.05372513490259095,-0.11622235693443128,-0.0012463814099739365
calibration_v6_5fb3715550db_iterative_gpt-6-sol_us_portuguese_r0,OFFLINE_FIXTURE_NOT_MODEL_OUTPUT,0.18857142857142858,0.6101376858213184,0.98,0.5742857142857143,2,0.1570716440846311,1,2,1.8035714285714286,0.18,0.02,0.5296969696969697,-0.001619805996078201,-0.05372513490259095,-0.11622235693443128,-0.0012463814099739365
